protein,n_harm,PPH3_abf,PPH4_abf,PPH4_abf_sens,coloc_interp_abf,n_ld_harm,n_cs_pqtl,n_cs_gwas,n_coloc_pairs,PPH4_susie,susie_best_snp,coloc_tested,PPH4_best,best_method,final_verdict,tier_impact,note,coloc_support
FGF5,1835,0.0022,0.9978,NA,STRONG coloc (SuSiE),1668,1,4,4,0.9972,80263187:A:T,TRUE,0.9978,ABF,STRONG colocalization,Tier 1 upgrade,Pending-target pilot resolved strong coloc by ABF and SuSiE,ABF+SuSiE (PPH4=0.998/0.997; dual-confirmed)
ATRAID,1161,0.9971,0.0018,NA,STRONG coloc (SuSiE),1017,1,9,9,0.9964,27163931:T:C,TRUE,0.9964,SuSiE,STRONG colocalization,Tier 1 upgrade,coloc.abf missed (PPH3≥0.8); SuSiE resolved via multiple GWAS credible sets,SuSiE (PPH4=0.996; ABF missed due to LD complexity)
EFNA1,968,0.9011,0.0988,NA,STRONG coloc (SuSiE),905,1,9,9,0.9633,155158918:G:T,TRUE,0.9633,SuSiE,STRONG colocalization,Tier 1 upgrade,coloc.abf missed (PPH3≥0.8); SuSiE resolved via multiple GWAS credible sets,SuSiE (PPH4=0.963; ABF missed due to LD complexity)
ABO,3506,0.0373,0.9121,NA,STRONG coloc (ABF only),3271,7,0,0,0,,TRUE,0.9121,ABF,STRONG colocalization,Tier 1 upgrade,Strong ABF coloc (PPH4=0.912); SuSiE non-convergent due to absence of GWAS credible sets at the ABO locus (9q34) in the endometrial GWAS — data limitation at a complex multi-variant locus; Tier 1 retained,ABF only (PPH4=0.912); SuSiE non-convergent — no GWAS credible sets at 9q34 (endometrial)
TNFRSF6B,2280,0.0839,0.8881,NA,STRONG coloc (SuSiE),2110,1,1,1,0.8852,63706054:A:G,TRUE,0.8881,ABF,STRONG colocalization,Tier 1 upgrade,,ABF+SuSiE (PPH4=0.888/0.885; dual-confirmed)
UMOD,2105,0.1656,0.833,NA,STRONG coloc (ABF only),1908,0,0,0,0,,TRUE,0.833,ABF,Moderate colocalization (ABF only),"Tier 2a (ABF-only, SuSiE non-convergent)",PPH4_abf=0.833 (just above threshold); PPH3=0.166; SuSiE non-convergent — zero credible sets from both FinnGen pQTL and breast GWAS; downgraded from Tier 1 to Tier 2a (provisional),ABF only (PPH4=0.833); SuSiE non-convergent — no credible sets from either pQTL or GWAS
TSPAN8,1981,0.1509,0.6018,NA,MODERATE coloc (ABF only),1786,1,1,1,0.4253,71137883:A:T,TRUE,0.6018,ABF,MODERATE colocalization,Supports Tier 2b,Moderate ABF coloc; SuSiE lower than ABF,ABF
APOE,1967,0.0166,0.5176,NA,MODERATE coloc (ABF only),1739,1,0,0,0,NA,TRUE,0.5176,ABF,MODERATE colocalization,Supports Tier 2b,rs429358 absent from GWAS; GWAS 0 credible sets; ABF moderate (PPH4=0.52),ABF
SWAP70,2167,0.4862,0.4837,NA,INSUFFICIENT evidence,1919,0,10,0,0,,TRUE,0.4837,ABF,INSUFFICIENT evidence,No coloc support,,ABF
INHBB,1795,0.0135,0.287,NA,INSUFFICIENT evidence,1611,1,0,0,0,,TRUE,0.287,ABF,INSUFFICIENT evidence,No coloc support,,ABF
KLB,2232,0.0395,0.1491,NA,INSUFFICIENT evidence,2051,4,0,0,0,,TRUE,0.1491,ABF,INSUFFICIENT evidence,No coloc support,,ABF
CGREF1,1180,1,0,NA,DISTINCT causal variants,1040,1,8,8,0.0419,27086538:G:A,TRUE,0.0419,SuSiE,DISTINCT causal variants,No coloc support,,SuSiE
IL34,835,0.0782,0.0143,NA,INSUFFICIENT evidence,683,1,0,0,0,NA,TRUE,0.0143,ABF,INSUFFICIENT evidence,No coloc support,Strong pQTL signal; GWAS 0 credible sets in region — MR effect likely systemic,ABF
FGFR4,1288,0.9956,0.0022,NA,DISTINCT causal variants,1155,2,5,10,0.0102,176718952:G:A,TRUE,0.0102,SuSiE,DISTINCT causal variants,No coloc support,,SuSiE
PM20D1,1541,0.9995,0,1e-4,DISTINCT causal variants,1402,6,4,24,0.0024,205843784:A:G,TRUE,0.0024,SuSiE,DISTINCT causal variants,No coloc support,FinnGen N=619 power limitation; MAGMA Bonferroni p<0.05 provides locus-level triangulation,SuSiE
SNX15,1125,0.9921,3e-4,0.0014,DISTINCT causal variants,995,1,10,10,0,65025091:A:G,TRUE,3e-4,ABF,DISTINCT causal variants,No coloc support,FinnGen N=619 power limitation; MAGMA Bonferroni p<0.05 provides locus-level triangulation,ABF
ITIH3,1786,0.9998,1e-4,NA,DISTINCT causal variants,1391,1,1,1,0,52775509:T:C,TRUE,1e-4,ABF,DISTINCT causal variants,No coloc support,,ABF
