protein,cancer_mr,mr_method,mr_nsnp,mr_b,mr_se,mr_pval,mr_or,mr_or_lo,mr_or_hi,mr_fdr,coloc_PPH3_abf,coloc_PPH4_abf,coloc_interpretation_abf,coloc_PPH4_susie,coloc_n_pairs,coloc_PPH4_best,coloc_method_best,coloc_verdict,magma_breast_p,magma_breast_bonf,magma_breast_rank,med_metabolite,med_p_indirect_wm,med_prop_pct,med_supported,er_pattern,or_ERpos,pval_ERpos,or_ERneg,pval_ERneg,steiger_ok,steiger_n_reversed,n_drugs,tractability_SM,tractability_AB,top_drug,top_drug_phase,tier,tier_short
ABO,Endometrial,Inverse variance weighted,2,0.0474410826548186,0.010330631899275,4.38444156490146e-06,1.0485844194911,1.02756614923366,1.07003260628963,0.00268932,0.0373,0.9121,STRONG coloc (ABF only; SuSiE non-convergent — no GWAS credible sets at ABO locus in endometrial GWAS),0.0,0,0.9121,ABF,STRONG,0.239,False,14,,,,,,,,,,,,0,none,none,,,Tier 1 — MR + strong coloc,T1
APOE,Breast,Wald ratio,1,0.0173440170940171,0.0050323931623931,0.00056795116635527,1.01749529789856,1.00750857553095,1.02758101160586,0.020448,0.0166,0.5176,MODERATE coloc (ABF only),0.0,0,0.5176,ABF,MODERATE,0.0038004,False,8,Gly,0.000348,4.3,True,ER_neg_specific,1.0027,0.576,1.0154,0.00018,True,0.0,0,Structure with Ligand,none,,,Tier 2b — MR + moderate coloc,T2b
ATRAID,Breast,Wald ratio,1,-0.0448560109289618,0.010482868852459,1.87749738055168e-05,0.956135144933177,0.936690431552778,0.975983510220022,0.0015792,0.9971,0.0018,STRONG coloc (SuSiE),0.9964,9,0.9964,SuSiE,STRONG,0.072,False,11,TG_by_PG,0.627,1.0,False,ER_neg_specific,0.9853,0.145,1.0324,0.000181,True,0.0,0,none,none,,,Tier 1 — MR + strong coloc,T1
CGREF1,Breast,Wald ratio,1,0.0264524911032028,0.0078453202846975,0.000746910939051221,1.02680546370806,1.01113722557538,1.04271649152346,0.0250992,1.0,0.0,DISTINCT causal variants,0.0419,8,0.0419,SuSiE,DISTINCT,0.19186,False,13,,,,,ER_neg_specific,1.0079,0.302,0.987,0.0397,True,0.0,0,none,none,,,Tier 2c — MR only (coloc not supportive),T2c
EFNA1,Breast,Wald ratio,1,0.127221787709497,0.016947905027933,6.06651867765089e-14,1.13566886724871,1.09856402355759,1.17402695553534,1.21968e-11,0.9011,0.0988,STRONG coloc (SuSiE),0.9633,9,0.9633,SuSiE,STRONG,0.0021046,False,6,Total_BCAA,0.0176,3.1,True,ER_neg_specific,1.0106,0.52,1.0292,0.0367,True,0.0,0,none,none,,,Tier 1 — MR + strong coloc,T1
FGF5,Breast,Wald ratio,1,-0.0412735080058224,0.0055155312954876,7.25659863501866e-14,0.959566644894055,0.94924917465145,0.969996256600724,1.21968e-11,0.0022,0.9978,STRONG coloc (SuSiE),0.9972,4,0.9978,ABF,STRONG,0.08432,False,12,,,,,ER_neg_specific,1.0012,0.822,0.9628,4.49e-17,True,0.0,0,none,none,,,Tier 1 — MR + strong coloc,T1
FGFR4,Breast,Wald ratio,1,-0.0122144660194175,0.0034261941747572,0.000363822264327349,0.987859827776662,0.981248236973594,0.994515967075513,0.015288,0.9956,0.0022,DISTINCT causal variants,0.0102,10,0.0102,SuSiE,DISTINCT,0.38227,False,17,,,,,neither,1.0062,0.0625,0.9997,0.913,True,0.0,17,Approved Drug,none,ORANTINIB,PHASE_3,Tier 2c — MR only (coloc not supportive),T2c
IL34,Breast,Inverse variance weighted,2,0.0238415951804617,0.0067306944371507,0.000396775585020883,1.02412807821777,1.0107063411367,1.03772805008272,0.0153913846153846,0.0782,0.0143,INSUFFICIENT evidence,0.0,0,0.0143,ABF,INSUFFICIENT,0.00025911,False,5,Total_BCAA,0.00135,16.1,True,ER_neg_specific,1.0146,0.0727,1.0127,0.0216,True,0.0,0,none,none,,,Tier 2c — MR only (coloc not supportive),T2c
INHBB,Breast,Wald ratio,1,0.0252862445414847,0.0076282969432314,0.000917101834246261,1.02560865339007,1.01038837084651,1.04105821113848,0.0288854999999999,0.0135,0.287,INSUFFICIENT evidence,0.0,0,0.287,ABF,INSUFFICIENT,0.016806,False,9,,,,,ER_neg_specific,0.9921,0.282,1.023,0.000238,True,0.0,0,none,none,,,Tier 2c — MR only (coloc not supportive),T2c
ITIH3,Breast,Wald ratio,1,-0.0416038123167155,0.010312082111437,5.47250844970811e-05,0.959249748233705,0.940056317522166,0.978835057363177,0.0030632,0.9998,0.0001,DISTINCT causal variants,0.0,1,0.0001,ABF,DISTINCT,3.2755e-05,False,3,Gly,0.0309,2.2,True,neither,1.0124,0.216,0.9885,0.168,True,0.0,0,none,none,,,Tier 2c — MR only (coloc not supportive),T2c
KLB,Breast,Inverse variance weighted,2,0.0144379596252648,0.0035569874265777,4.92745541072186e-05,1.01454269039017,1.00749420631786,1.02164048603907,0.0030632,0.0395,0.1491,INSUFFICIENT evidence,0.0,0,0.1491,ABF,INSUFFICIENT,0.003704,False,7,,,,,neither,1.0019,0.578,0.9998,0.955,True,0.0,3,none,Advanced Clinical,FAZPILODEMAB,PHASE_2,Tier 2c — MR only (coloc not supportive),T2c
PM20D1,Breast,Inverse variance weighted,2,0.0125529578017533,0.0032008060786413,8.78857689088153e-05,1.01263207688946,1.0062991345124,1.01900487437299,0.00443016,0.9995,0.0,DISTINCT causal variants,0.0024,24,0.0024,SuSiE,DISTINCT,1.4336e-06,True,2,,,,,both_subtypes,1.0099,0.0015,1.0104,7.12e-05,True,0.0,0,none,none,,,Tier 2a — MR + MAGMA Bonferroni,T2a
SNX15,Breast,Wald ratio,1,-0.0865749642346209,0.0108543204577969,1.5105000684339101e-15,0.917066798997167,0.897762760299848,0.93678592052762,7.610400000000003e-13,0.9921,0.0003,DISTINCT causal variants,0.0,10,0.0003,ABF,DISTINCT,1.4681e-11,True,1,,,,,neither,0.9941,0.581,0.9956,0.623,True,0.0,0,none,none,,,Tier 2a — MR + MAGMA Bonferroni,T2a
SWAP70,Breast,Wald ratio,1,0.0433602777777778,0.0098752777777777,1.12939215480047e-05,1.04431407023525,1.0242951662096,1.06472422527098,0.00113904,0.4862,0.4837,INSUFFICIENT evidence,0.0,0,0.4837,ABF,INSUFFICIENT,6.7834e-05,False,4,,,,,ER_neg_specific,1.0126,0.197,1.0351,2.19e-05,True,0.0,0,none,none,,,Tier 2c — MR only (coloc not supportive),T2c
TNFRSF6B,Breast,Wald ratio,1,0.0352370967741935,0.0083372811059907,2.37407620482875e-05,1.03586528000279,1.01907568553622,1.05293148835227,0.0017064,0.0839,0.8881,STRONG coloc (SuSiE),0.8852,1,0.8881,ABF,STRONG,0.37327,False,16,Total_BCAA,0.0219,9.0,True,both_subtypes,0.9681,6.16e-05,0.984,0.0176,True,0.0,0,none,none,,,Tier 1 — MR + strong coloc,T1
TSPAN8,Breast,Wald ratio,1,-0.0348164251207729,0.0090681884057971,0.000123334101737608,0.965782693426556,0.948768857424912,0.983101630732091,0.0056356363636363,0.1509,0.6018,MODERATE coloc (ABF only),0.4253,1,0.6018,ABF,MODERATE,0.28789,False,15,,,,,ER_pos_specific,0.9769,0.00803,0.9919,0.27,True,0.0,0,none,none,,,Tier 2b — MR + moderate coloc,T2b
UMOD,Breast,Wald ratio,1,0.0242246621621622,0.0048257995495495,5.17189681459047e-07,1.0245204630196,1.01487565240709,1.03425693251814,6.5142e-05,0.1656,0.833,MODERATE coloc (ABF only; SuSiE non-convergent — no CS from pQTL or GWAS),0.0,0,0.833,ABF,MODERATE,0.018811,False,10,,,,,ER_neg_specific,1.0024,0.604,1.0648,8.120000000000001e-58,True,0.0,0,none,none,,,Tier 2a — MR + moderate coloc (ABF only; SuSiE non-convergent),T2a
